FIPS,WSI
01001,0.360
01003,0.207
01005,0.360
01007,0.299
01009,0.269
01011,0.361
01013,0.338
01015,0.288
01017,0.329
01019,0.272
01021,0.319
01023,0.298
01025,0.320
01027,0.313
01029,0.304
01031,0.328
01033,0.278
01035,0.306
01037,0.303
01039,0.277
01041,0.346
01043,0.266
01045,0.329
01047,0.342
01049,0.267
01051,0.345
01053,0.281
01055,0.286
01057,0.274
01059,0.290
01061,0.318
01063,0.290
01065,0.287
01067,0.363
01069,0.329
01071,0.256
01073,0.276
01075,0.280
01077,0.263
01079,0.262
01081,0.364
01083,0.260
01085,0.351
01087,0.371
01089,0.252
01091,0.301
01093,0.274
01095,0.262
01097,0.222
01099,0.305
01101,0.360
01103,0.253
01105,0.308
01107,0.289
01109,0.343
01111,0.323
01113,0.393
01115,0.291
01117,0.298
01119,0.309
01121,0.295
01123,0.336
01125,0.270
01127,0.272
01129,0.300
01131,0.344
01133,0.269
04001,10.899
04003,100.000
04005,17.598
04007,2.870
04009,16.605
04011,5.308
04012,100.000
04013,100.000
04015,100.000
04017,9.786
04019,100.000
04021,100.000
04023,42.277
04025,7.240
04027,100.000
05001,100.000
05003,0.563
05005,0.427
05007,0.475
05009,0.444
05011,0.382
05013,0.414
05015,0.422
05017,5.136
05019,0.301
05021,100.000
05023,0.319
05025,0.379
05027,0.434
05029,0.579
05031,0.630
05033,0.390
05035,0.507
05037,1.074
05039,0.325
05041,6.743
05043,0.451
05045,0.399
05047,0.386
05049,0.404
05051,0.296
05053,0.364
05055,0.654
05057,0.384
05059,0.304
05061,0.288
05063,0.443
05065,0.445
05067,1.244
05069,0.682
05071,0.367
05073,0.524
05075,0.515
05077,0.544
05079,1.291
05081,0.425
05083,0.441
05085,2.536
05087,0.416
05089,0.466
05091,0.563
05093,0.345
05095,0.564
05097,0.283
05099,0.341
05101,0.370
05103,0.350
05105,0.397
05107,0.464
05109,0.304
05111,4.924
05113,0.280
05115,0.457
05117,0.947
05119,0.377
05121,0.437
05123,0.565
05125,0.371
05127,0.404
05129,0.357
05131,0.403
05133,0.286
05135,0.406
05137,0.379
05139,0.386
05141,0.335
05143,0.434
05145,0.367
05147,1.796
05149,0.447
06001,2.816
06003,0.689
06005,0.410
06007,100.000
06009,0.482
06011,100.000
06013,1.563
06015,0.100
06017,0.380
06019,2.374
06021,6.091
06023,0.167
06025,100.000
06027,2.224
06029,100.000
06031,100.000
06033,0.507
06035,0.942
06037,1.308
06039,100.000
06041,0.430
06043,0.552
06045,0.235
06047,100.000
06049,1.328
06051,0.977
06053,1.217
06055,0.589
06057,0.307
06059,100.000
06061,0.316
06063,0.787
06065,100.000
06067,6.970
06069,3.466
06071,2.103
06073,7.855
06077,100.000
06079,1.263
06081,0.944
06083,2.730
06085,2.223
06087,1.147
06089,0.573
06091,0.395
06093,0.475
06095,100.000
06097,0.315
06099,100.000
06101,100.000
06103,0.634
06105,0.280
06107,1.369
06109,0.695
06111,2.981
06113,2.557
06115,0.381
08001,15.159
08003,100.000
08005,100.000
08007,1.002
08009,100.000
08011,100.000
08013,2.591
08014,11.884
08015,2.183
08017,100.000
08019,1.155
08021,6.499
08023,5.583
08025,11.616
08027,2.768
08029,1.070
08031,100.000
08033,3.755
08035,4.007
08037,0.825
08039,16.006
08041,6.944
08043,2.577
08045,1.113
08047,1.247
08049,1.050
08051,0.941
08053,0.948
08055,23.561
08057,1.656
08059,2.275
08061,83.793
08063,100.000
08065,2.113
08067,1.185
08069,3.653
08071,31.781
08073,58.180
08075,100.000
08077,1.485
08079,0.777
08081,1.523
08083,4.956
08085,1.922
08087,100.000
08089,100.000
08091,1.675
08093,3.544
08095,100.000
08097,0.594
08099,100.000
08101,7.567
08103,1.354
08105,2.305
08107,0.852
08109,4.706
08111,0.799
08113,2.443
08115,100.000
08117,0.668
08119,3.708
08121,100.000
08123,96.520
08125,100.000
09001,0.263
09003,0.234
09005,0.235
09007,0.229
09009,0.222
09011,0.232
09013,0.235
09015,0.235
10001,0.374
10003,0.333
10005,0.440
11001,0.425
12001,0.728
12003,0.599
12005,0.377
12007,0.486
12009,0.485
12011,0.646
12013,0.311
12015,0.617
12017,0.802
12019,0.516
12021,0.608
12023,0.580
12027,0.795
12029,0.440
12031,0.543
12033,0.209
12035,0.520
12037,0.317
12039,0.426
12041,0.485
12043,0.628
12045,0.364
12047,0.684
12049,0.769
12051,0.723
12053,0.767
12055,0.747
12057,0.527
12059,0.286
12061,0.500
12063,0.308
12065,0.478
12067,0.462
12069,0.821
12071,0.604
12073,0.354
12075,0.481
12077,0.354
12079,0.601
12081,0.435
12083,0.999
12085,0.725
12086,0.626
12087,0.583
12089,0.570
12091,0.201
12093,0.664
12095,0.634
12097,0.606
12099,0.719
12101,0.793
12103,0.456
12105,0.851
12107,0.589
12109,0.526
12111,0.552
12113,0.228
12115,0.445
12117,0.474
12119,1.424
12121,0.533
12123,0.435
12125,0.488
12127,0.488
12129,0.351
12131,0.212
12133,0.298
13001,0.642
13003,0.610
13005,0.626
13007,0.446
13009,0.553
13011,0.413
13013,0.504
13015,0.309
13017,0.519
13019,0.565
13021,0.413
13023,0.506
13025,0.617
13027,0.582
13029,0.612
13031,0.625
13033,0.560
13035,0.408
13037,0.443
13039,0.620
13043,0.591
13045,0.324
13047,0.275
13049,0.624
13051,0.620
13053,0.389
13055,0.273
13057,0.305
13059,0.512
13061,0.452
13063,0.409
13065,0.703
13067,0.303
13069,0.613
13071,0.544
13073,0.397
13075,0.569
13077,0.365
13079,0.408
13081,0.515
13083,0.272
13085,0.301
13087,0.432
13089,0.353
13091,0.499
13093,0.475
13095,0.447
13097,0.327
13099,0.411
13101,0.643
13103,0.586
13105,0.431
13107,0.567
13109,0.603
13111,0.231
13113,0.407
13115,0.289
13117,0.304
13119,0.380
13121,0.317
13123,0.271
13125,0.603
13127,0.626
13129,0.279
13131,0.452
13133,0.509
13135,0.371
13137,0.258
13139,0.325
13141,0.526
13143,0.318
13145,0.326
13147,0.349
13149,0.328
13151,0.412
13153,0.496
13155,0.620
13157,0.497
13159,0.465
13161,0.571
13163,0.621
13165,0.630
13167,0.536
13169,0.453
13171,0.404
13173,0.587
13175,0.519
13177,0.487
13179,0.610
13181,0.472
13183,0.578
13185,0.563
13187,0.269
13189,0.526
13191,0.597
13193,0.449
13195,0.418
13197,0.440
13199,0.376
13201,0.464
13205,0.499
13207,0.419
13209,0.540
13211,0.500
13213,0.266
13215,0.386
13217,0.414
13219,0.507
13221,0.436
13223,0.310
13225,0.486
13227,0.294
13229,0.618
13231,0.404
13233,0.282
13235,0.504
13237,0.501
13239,0.387
13241,0.210
13243,0.419
13245,0.389
13247,0.409
13249,0.456
13251,0.564
13253,0.475
13255,0.404
13257,0.267
13259,0.393
13261,0.472
13263,0.393
13265,0.544
13267,0.571
13269,0.402
13271,0.490
13273,0.449
13275,0.494
13277,0.584
13279,0.564
13281,0.232
13283,0.536
13285,0.332
13287,0.579
13289,0.485
13291,0.228
13293,0.402
13295,0.273
13297,0.450
13299,0.668
13301,0.577
13303,0.560
13305,0.591
13307,0.467
13309,0.518
13311,0.255
13313,0.270
13315,0.528
13317,0.468
13319,0.519
13321,0.528
16001,1.974
16003,0.581
16005,3.569
16007,3.835
16009,0.333
16011,100.000
16013,1.747
16015,0.380
16017,0.356
16019,1.072
16021,0.253
16023,2.243
16025,1.108
16027,100.000
16029,2.509
16031,100.000
16033,2.030
16035,0.232
16037,0.823
16039,0.761
16041,15.381
16043,0.388
16045,0.631
16047,100.000
16049,0.358
16051,100.000
16053,100.000
16055,0.322
16057,0.571
16059,0.888
16061,0.399
16063,3.255
16065,1.027
16067,100.000
16069,0.495
16071,100.000
16073,3.210
16075,1.607
16077,100.000
16079,0.246
16081,1.034
16083,100.000
16085,0.381
16087,0.796
17001,0.555
17003,0.531
17005,0.550
17007,0.547
17009,0.571
17011,0.494
17013,0.551
17015,0.562
17017,0.578
17019,0.498
17021,0.601
17023,0.447
17025,0.449
17027,0.538
17029,0.481
17031,0.316
17033,0.458
17035,0.468
17037,0.540
17039,0.545
17041,0.485
17043,0.395
17045,0.434
17047,0.420
17049,0.460
17051,0.511
17053,0.511
17055,0.460
17057,0.694
17059,0.368
17061,0.574
17063,0.459
17065,0.403
17067,0.571
17069,0.331
17071,0.561
17073,0.583
17075,0.467
17077,0.497
17079,0.468
17081,0.457
17083,0.597
17085,0.562
17087,0.358
17089,0.546
17091,0.436
17093,0.488
17095,0.562
17097,0.421
17099,0.527
17101,0.451
17103,0.569
17105,0.530
17107,0.534
17109,0.594
17111,0.554
17113,0.551
17115,0.569
17117,0.634
17119,0.569
17121,0.486
17123,0.450
17125,0.573
17127,0.377
17129,0.579
17131,0.564
17133,0.559
17135,0.569
17137,0.540
17139,0.510
17141,0.572
17143,0.493
17145,0.466
17147,0.546
17149,0.557
17151,0.328
17153,0.381
17155,0.452
17157,0.661
17159,0.442
17161,0.585
17163,0.559
17165,0.362
17167,0.601
17169,0.527
17171,0.546
17173,0.513
17175,0.563
17177,0.562
17179,0.535
17181,0.510
17183,0.462
17185,0.397
17187,0.561
17189,0.506
17191,0.445
17193,0.429
17195,0.571
17197,0.403
17199,0.429
17201,0.562
17203,0.519
18001,0.460
18003,0.475
18005,0.369
18007,0.449
18009,0.434
18011,0.422
18013,0.358
18015,0.448
18017,0.445
18019,0.359
18021,0.380
18023,0.438
18025,0.326
18027,0.372
18029,0.359
18031,0.361
18033,0.455
18035,0.414
18037,0.329
18039,0.440
18041,0.364
18043,0.341
18045,0.423
18047,0.364
18049,0.433
18051,0.370
18053,0.446
18055,0.376
18057,0.401
18059,0.377
18061,0.328
18063,0.388
18065,0.380
18067,0.440
18069,0.459
18071,0.355
18073,0.456
18075,0.445
18077,0.372
18079,0.352
18081,0.387
18083,0.392
18085,0.435
18087,0.442
18089,0.389
18091,0.422
18093,0.352
18095,0.403
18097,0.422
18099,0.427
18101,0.353
18103,0.452
18105,0.365
18107,0.430
18109,0.399
18111,0.453
18113,0.447
18115,0.350
18117,0.344
18119,0.374
18121,0.423
18123,0.320
18125,0.348
18127,0.417
18129,0.388
18131,0.430
18133,0.383
18135,0.412
18137,0.354
18139,0.378
18141,0.437
18143,0.351
18145,0.376
18147,0.326
18149,0.430
18151,0.447
18153,0.422
18155,0.360
18157,0.426
18159,0.416
18161,0.375
18163,0.361
18165,0.439
18167,0.424
18169,0.448
18171,0.430
18173,0.342
18175,0.335
18177,0.364
18179,0.467
18181,0.430
18183,0.431
19001,0.698
19003,0.726
19005,0.647
19007,0.561
19009,0.716
19011,0.557
19013,0.558
19015,0.707
19017,0.552
19019,0.540
19021,0.795
19023,0.576
19025,0.738
19027,0.753
19029,0.712
19031,0.537
19033,0.594
19035,0.947
19037,0.549
19039,0.678
19041,0.896
19043,0.596
19045,0.564
19047,0.913
19049,0.747
19051,0.591
19053,0.673
19055,0.571
19057,0.568
19059,0.911
19061,0.589
19063,0.808
19065,0.568
19067,0.602
19069,0.572
19071,0.863
19073,0.741
19075,0.556
19077,0.743
19079,0.623
19081,0.630
19083,0.611
19085,1.126
19087,0.602
19089,0.578
19091,0.749
19093,0.901
19095,0.580
19097,0.562
19099,0.601
19101,0.605
19103,0.580
19105,0.550
19107,0.588
19109,0.759
19111,0.624
19113,0.564
19115,0.586
19117,0.621
19119,1.173
19121,0.681
19123,0.607
19125,0.653
19127,0.588
19129,0.870
19131,0.571
19133,1.074
19135,0.634
19137,0.766
19139,0.568
19141,0.966
19143,0.969
19145,0.812
19147,0.841
19149,1.338
19151,0.766
19153,0.716
19155,1.109
19157,0.582
19159,0.685
19161,0.814
19163,0.554
19165,0.894
19167,1.305
19169,0.603
19171,0.573
19173,0.709
19175,0.683
19177,0.617
19179,0.633
19181,0.680
19183,0.591
19185,0.596
19187,0.753
19189,0.699
19191,0.608
19193,1.130
19195,0.609
19197,0.639
20001,0.729
20003,0.711
20005,1.043
20007,2.609
20009,100.000
20011,0.535
20013,0.997
20015,0.892
20017,0.946
20019,0.645
20021,0.539
20023,100.000
20025,54.370
20027,5.173
20029,6.652
20031,0.861
20033,6.448
20035,1.220
20037,0.552
20039,100.000
20041,2.394
20043,1.368
20045,0.822
20047,100.000
20049,0.663
20051,17.617
20053,9.289
20055,100.000
20057,100.000
20059,0.722
20061,4.024
20063,100.000
20065,100.000
20067,100.000
20069,100.000
20071,100.000
20073,0.651
20075,100.000
20077,1.404
20079,1.938
20081,100.000
20083,100.000
20085,0.882
20087,0.835
20089,8.327
20091,0.652
20093,100.000
20095,1.513
20097,100.000
20099,0.628
20101,100.000
20103,0.960
20105,5.985
20107,0.647
20109,100.000
20111,0.884
20113,1.917
20115,1.155
20117,1.323
20119,100.000
20121,0.669
20123,5.134
20125,0.644
20127,1.142
20129,100.000
20131,1.005
20133,0.649
20135,72.325
20137,100.000
20139,0.740
20141,11.494
20143,4.391
20145,100.000
20147,97.318
20149,1.071
20151,100.000
20153,100.000
20155,5.704
20157,5.629
20159,5.055
20161,1.849
20163,14.981
20165,100.000
20167,12.228
20169,3.619
20171,100.000
20173,1.769
20175,100.000
20177,0.920
20179,100.000
20181,100.000
20183,11.059
20185,100.000
20187,100.000
20189,100.000
20191,1.304
20193,100.000
20195,50.368
20197,0.898
20199,100.000
20201,2.378
20203,100.000
20205,0.653
20207,0.733
20209,1.638
21001,0.288
21003,0.310
21005,0.327
21007,0.352
21009,0.307
21011,0.366
21013,0.275
21015,0.355
21017,0.372
21019,0.363
21021,0.324
21023,0.359
21025,0.349
21027,0.313
21029,0.327
21031,0.301
21033,0.304
21035,0.342
21037,0.370
21039,0.305
21041,0.367
21043,0.365
21045,0.292
21047,0.298
21049,0.346
21051,0.312
21053,0.283
21055,0.318
21057,0.296
21059,0.338
21061,0.289
21063,0.379
21065,0.332
21067,0.334
21069,0.357
21071,0.401
21073,0.333
21075,0.313
21077,0.351
21079,0.328
21081,0.340
21083,0.310
21085,0.299
21087,0.288
21089,0.360
21091,0.322
21093,0.302
21095,0.278
21097,0.369
21099,0.289
21101,0.344
21103,0.335
21105,0.304
21107,0.320
21109,0.312
21111,0.356
21113,0.330
21115,0.383
21117,0.361
21119,0.365
21121,0.277
21123,0.296
21125,0.289
21127,0.346
21129,0.335
21131,0.316
21133,0.340
21135,0.358
21137,0.312
21139,0.317
21141,0.309
21143,0.290
21145,0.367
21147,0.264
21149,0.327
21151,0.330
21153,0.360
21155,0.318
21157,0.367
21159,0.387
21161,0.363
21163,0.327
21165,0.349
21167,0.328
21169,0.290
21171,0.301
21173,0.361
21175,0.360
21177,0.309
21179,0.322
21181,0.365
21183,0.310
21185,0.354
21187,0.328
21189,0.317
21191,0.362
21193,0.351
21195,0.391
21197,0.332
21199,0.298
21201,0.356
21203,0.300
21205,0.358
21207,0.310
21209,0.328
21211,0.326
21213,0.308
21215,0.326
21217,0.288
21219,0.307
21221,0.280
21223,0.364
21225,0.339
21227,0.305
21229,0.318
21231,0.284
21233,0.341
21235,0.274
21237,0.340
21239,0.329
22001,0.398
22003,0.305
22005,0.298
22007,0.292
22009,0.320
22011,0.399
22013,0.395
22015,0.496
22017,0.462
22019,0.373
22021,0.533
22023,0.323
22025,0.380
22027,0.395
22029,0.343
22031,0.518
22033,0.309
22035,0.501
22037,0.289
22039,0.340
22041,1.465
22043,0.359
22045,0.405
22047,0.291
22049,0.375
22051,0.294
22053,0.446
22055,0.486
22057,0.294
22059,0.353
22061,0.387
22063,0.296
22065,0.472
22067,1.082
22069,0.377
22071,0.301
22073,0.622
22075,0.290
22077,0.284
22079,0.354
22081,0.421
22083,4.406
22085,0.536
22087,0.291
22089,0.321
22091,0.296
22093,0.302
22095,0.293
22097,0.364
22099,0.323
22101,0.319
22103,0.289
22105,0.275
22107,0.443
22109,0.290
22111,0.374
22113,0.371
22115,0.360
22117,0.276
22119,0.456
22121,0.292
22123,1.564
22125,0.301
22127,0.372
23001,0.222
23003,0.256
23005,0.240
23007,0.236
23009,0.209
23011,0.234
23013,0.225
23015,0.243
23017,0.218
23019,0.235
23021,0.237
23023,0.232
23025,0.241
23027,0.227
23029,0.215
23031,0.232
24001,0.357
24003,0.417
24005,0.395
24009,0.427
24011,0.384
24013,0.377
24015,0.349
24017,0.432
24019,0.426
24021,0.384
24023,0.263
24025,0.360
24027,0.432
24029,0.353
24031,0.417
24033,0.427
24035,0.356
24037,0.433
24039,0.452
24041,0.355
24043,0.418
24045,0.459
24047,0.455
24510,0.398
25001,0.252
25003,0.228
25005,0.236
25009,0.274
25011,0.216
25013,0.243
25015,0.245
25017,0.261
25021,0.263
25023,0.246
25025,0.281
25027,0.260
26001,0.603
26003,0.388
26005,0.420
26007,0.596
26009,0.248
26011,0.480
26013,0.423
26015,0.492
26017,0.583
26019,0.394
26021,0.420
26023,0.452
26025,0.443
26027,0.460
26029,0.244
26031,0.423
26033,0.439
26035,0.531
26037,0.602
26039,0.549
26041,0.475
26043,0.580
26045,0.514
26047,0.293
26049,0.589
26051,0.537
26053,0.464
26055,0.276
26057,0.574
26059,0.457
26061,0.359
26063,0.633
26065,0.599
26067,0.508
26069,0.488
26071,0.600
26073,0.539
26075,0.548
26077,0.445
26079,0.299
26081,0.486
26083,0.317
26085,0.383
26087,0.609
26089,0.348
26091,0.544
26093,0.594
26095,0.390
26097,0.449
26099,0.517
26101,0.355
26103,0.463
26105,0.388
26107,0.536
26109,0.595
26111,0.538
26113,0.484
26115,0.525
26117,0.538
26119,0.578
26121,0.443
26123,0.440
26125,0.544
26127,0.389
26129,0.495
26131,0.430
26133,0.482
26135,0.596
26137,0.443
26139,0.437
26141,0.570
26143,0.544
26145,0.591
26147,0.662
26149,0.473
26151,0.649
26153,0.383
26155,0.584
26157,0.631
26159,0.424
26161,0.574
26163,0.567
26165,0.378
27001,0.837
27003,0.993
27005,1.523
27007,1.424
27009,0.935
27011,2.358
27013,0.859
27015,1.117
27017,0.578
27019,1.070
27021,1.014
27023,1.626
27025,0.679
27027,1.953
27029,1.553
27031,0.511
27033,1.037
27035,0.964
27037,0.875
27039,0.650
27041,1.360
27043,0.801
27045,0.619
27047,0.629
27049,0.749
27051,2.306
27053,1.593
27055,0.628
27057,1.061
27059,0.793
27061,0.911
27063,0.917
27065,0.642
27067,1.239
27069,1.745
27071,0.887
27073,1.949
27075,0.562
27077,1.253
27079,0.933
27081,1.499
27083,1.215
27085,1.040
27087,1.665
27089,1.760
27091,0.831
27093,1.014
27095,0.792
27097,0.971
27099,0.592
27101,1.026
27103,1.135
27105,1.005
27107,1.951
27109,0.666
27111,1.613
27113,1.810
27115,0.588
27117,1.437
27119,2.037
27121,1.671
27123,1.336
27125,1.744
27127,1.154
27129,1.225
27131,0.709
27133,1.283
27135,1.517
27137,0.649
27139,1.069
27141,0.968
27143,1.065
27145,0.998
27147,0.685
27149,2.055
27151,1.863
27153,1.102
27155,2.591
27157,0.698
27159,1.172
27161,0.734
27163,0.806
27165,0.974
27167,2.149
27169,0.680
27171,1.003
27173,1.510
28001,0.342
28003,0.273
28005,0.294
28007,0.331
28009,0.291
28011,0.500
28013,0.302
28015,0.313
28017,0.290
28019,0.328
28021,0.341
28023,0.320
28025,0.284
28027,0.373
28029,0.331
28031,0.306
28033,0.308
28035,0.283
28037,0.355
28039,0.253
28041,0.299
28043,0.303
28045,0.248
28047,0.242
28049,0.321
28051,0.321
28053,0.427
28055,0.388
28057,0.295
28059,0.248
28061,0.311
28063,0.355
28065,0.302
28067,0.309
28069,0.328
28071,0.290
28073,0.273
28075,0.321
28077,0.302
28079,0.355
28081,0.283
28083,0.429
28085,0.294
28087,0.292
28089,0.316
28091,0.283
28093,0.297
28095,0.289
28097,0.312
28099,0.354
28101,0.327
28103,0.322
28105,0.304
28107,0.300
28109,0.267
28111,0.286
28113,0.263
28115,0.288
28117,0.290
28119,0.349
28121,0.327
28123,0.339
28125,0.404
28127,0.320
28129,0.309
28131,0.256
28133,0.518
28135,0.328
28137,0.307
28139,0.278
28141,0.283
28143,0.378
28145,0.281
28147,0.270
28149,0.323
28151,0.495
28153,0.315
28155,0.309
28157,0.297
28159,0.346
28161,0.300
28163,0.321
29001,0.562
29003,0.785
29005,1.028
29007,0.599
29009,0.452
29011,0.503
29013,0.625
29015,0.670
29017,0.394
29019,1.920
29021,1.060
29023,0.396
29025,0.667
29027,1.884
29029,0.574
29031,0.511
29033,0.535
29035,0.356
29037,0.578
29039,0.553
29041,0.579
29043,0.454
29045,0.556
29047,0.537
29049,0.627
29051,1.184
29053,1.278
29055,0.498
29057,0.505
29059,0.552
29061,0.687
29063,0.682
29065,0.454
29067,0.432
29069,0.356
29071,0.615
29073,0.549
29075,0.688
29077,0.490
29079,0.670
29081,0.682
29083,0.573
29085,0.528
29087,0.940
29089,1.722
29091,0.393
29093,0.398
29095,0.503
29097,0.479
29099,0.531
29101,0.556
29103,0.574
29105,0.518
29107,0.496
29109,0.483
29111,0.567
29113,0.578
29115,0.644
29117,0.667
29119,0.487
29121,0.568
29123,0.375
29125,0.507
29127,0.565
29129,0.671
29131,0.730
29133,0.920
29135,2.105
29137,0.564
29139,0.734
29141,0.734
29143,0.417
29145,0.484
29147,0.725
29149,0.410
29151,0.678
29153,0.429
29155,0.346
29157,0.771
29159,0.670
29161,0.487
29163,0.579
29165,1.123
29167,0.504
29169,0.487
29171,0.594
29173,0.606
29175,0.633
29177,0.482
29179,0.389
29181,0.353
29183,0.685
29185,0.564
29186,0.640
29187,0.418
29189,0.777
29195,0.563
29197,0.572
29199,0.569
29201,0.523
29203,0.358
29205,0.557
29207,0.350
29209,0.436
29211,0.635
29213,0.488
29215,0.418
29217,0.546
29219,0.818
29221,0.481
29223,0.375
29225,0.472
29227,0.686
29229,0.470
29510,0.875
30001,2.166
30003,2.787
30005,11.423
30007,1.840
30009,0.874
30011,7.145
30013,1.716
30015,2.539
30017,5.729
30019,11.900
30021,4.831
30023,1.445
30025,5.022
30027,3.505
30029,0.258
30031,0.865
30033,6.244
30035,1.612
30037,10.288
30039,0.983
30041,8.680
30043,1.697
30045,2.196
30047,0.359
30049,1.259
30051,3.881
30053,0.505
30055,37.064
30057,0.951
30059,2.779
30061,0.596
30063,0.535
30065,10.148
30067,0.637
30069,7.232
30071,11.363
30073,1.501
30075,12.352
30077,0.637
30079,4.722
30081,0.656
30083,5.886
30085,8.529
30087,3.659
30089,0.455
30091,9.277
30093,1.486
30095,0.680
30097,0.669
30099,3.568
30101,3.434
30103,3.407
30105,9.424
30107,14.895
30109,5.327
30111,2.003
31001,100.000
31003,100.000
31005,4.987
31007,100.000
31009,2.209
31011,100.000
31013,100.000
31015,4.499
31017,2.529
31019,100.000
31021,1.477
31023,4.133
31025,1.406
31027,16.133
31029,100.000
31031,2.364
31033,100.000
31035,100.000
31037,3.148
31039,2.143
31041,38.143
31043,1.691
31045,13.217
31047,100.000
31049,100.000
31051,2.513
31053,3.038
31055,20.193
31057,100.000
31059,100.000
31061,100.000
31063,100.000
31065,100.000
31067,3.012
31069,11.302
31071,2.890
31073,100.000
31075,2.310
31077,37.221
31079,100.000
31081,100.000
31083,100.000
31085,100.000
31087,100.000
31089,5.857
31091,2.495
31093,100.000
31095,100.000
31097,1.279
31099,100.000
31101,100.000
31103,5.129
31105,100.000
31107,3.394
31109,1.345
31111,100.000
31113,7.514
31115,1.773
31117,5.360
31119,6.160
31121,100.000
31123,100.000
31125,8.239
31127,1.185
31129,100.000
31131,1.092
31133,1.172
31135,100.000
31137,100.000
31139,18.768
31141,100.000
31143,100.000
31145,100.000
31147,1.121
31149,2.630
31151,100.000
31153,66.449
31155,1.798
31157,100.000
31159,15.130
31161,6.682
31163,100.000
31165,16.262
31167,2.076
31169,100.000
31171,2.441
31173,1.296
31175,7.179
31177,2.439
31179,2.375
31181,100.000
31183,5.693
31185,100.000
32001,12.188
32003,14.482
32005,1.263
32007,3.272
32009,11.047
32011,11.847
32013,6.297
32015,6.065
32017,13.483
32019,2.806
32021,4.624
32023,6.478
32027,5.728
32029,0.968
32031,1.093
32033,1.815
32510,1.435
33001,0.238
33003,0.206
33005,0.238
33007,0.225
33009,0.224
33011,0.249
33013,0.237
33015,0.262
33017,0.258
33019,0.224
34001,0.311
34003,0.299
34005,0.277
34007,0.288
34009,0.324
34011,0.326
34013,0.306
34015,0.296
34017,0.325
34019,0.274
34021,0.269
34023,0.289
34025,0.298
34027,0.283
34029,0.277
34031,0.301
34033,0.322
34035,0.281
34037,0.257
34039,0.366
34041,0.259
35001,100.000
35003,9.021
35005,100.000
35006,65.100
35007,18.516
35009,100.000
35011,100.000
35013,100.000
35015,100.000
35017,7.307
35019,15.090
35021,81.931
35023,11.401
35025,100.000
35027,10.772
35028,5.858
35029,6.764
35031,17.689
35033,12.999
35035,7.405
35037,43.636
35039,2.057
35041,100.000
35043,10.221
35045,3.171
35047,16.608
35049,8.478
35051,100.000
35053,13.791
35055,2.905
35057,29.561
35059,100.000
35061,100.000
36001,0.233
36003,0.326
36005,0.316
36007,0.272
36009,0.245
36011,0.369
36013,0.236
36015,0.389
36017,0.262
36019,-1.000
36021,0.224
36023,0.267
36025,0.289
36027,0.266
36029,0.276
36031,0.233
36033,0.240
36035,0.212
36037,0.366
36039,0.256
36041,0.209
36043,0.198
36045,0.183
36047,0.658
36049,0.186
36051,0.394
36053,0.246
36055,0.421
36057,0.219
36059,0.650
36061,0.403
36063,0.350
36065,0.214
36067,0.300
36069,0.374
36071,0.271
36073,0.372
36075,0.203
36077,0.266
36079,0.331
36081,0.461
36083,0.226
36085,0.338
36087,0.306
36089,0.226
36091,0.220
36093,0.227
36095,0.302
36097,0.360
36099,0.357
36101,0.409
36103,0.660
36105,0.262
36107,0.285
36109,0.341
36111,0.256
36113,0.230
36115,0.228
36117,0.402
36119,0.322
36121,0.320
36123,0.358
37001,0.518
37003,0.359
37005,0.321
37007,0.461
37009,0.323
37011,0.308
37013,0.329
37015,0.492
37017,0.447
37019,0.442
37021,0.291
37023,0.340
37025,0.511
37027,0.335
37029,0.501
37031,0.416
37033,0.534
37035,0.350
37037,0.515
37039,0.235
37041,0.510
37043,0.225
37045,0.334
37047,0.438
37049,0.443
37051,0.485
37053,0.504
37055,0.475
37057,0.437
37059,0.375
37061,0.454
37063,0.495
37065,0.286
37067,0.382
37069,0.497
37071,0.342
37073,0.517
37075,0.261
37077,0.494
37079,0.502
37081,0.528
37083,0.538
37085,0.499
37087,0.237
37089,0.300
37091,0.512
37093,0.488
37095,0.364
37097,0.411
37099,0.190
37101,0.481
37103,0.430
37105,0.512
37107,0.446
37109,0.399
37111,0.326
37113,0.229
37115,0.284
37117,0.365
37119,0.432
37121,0.305
37123,0.470
37125,0.506
37127,0.493
37129,0.452
37131,0.503
37133,0.454
37135,0.503
37137,0.414
37139,0.503
37141,0.443
37143,0.505
37145,0.546
37147,0.277
37149,0.332
37151,0.481
37153,0.458
37155,0.479
37157,0.463
37159,0.442
37161,0.332
37163,0.423
37165,0.489
37167,0.506
37169,0.434
37171,0.358
37173,0.190
37175,0.323
37177,0.480
37179,0.480
37181,0.500
37183,0.511
37185,0.517
37187,0.452
37189,0.300
37191,0.478
37193,0.357
37195,0.408
37197,0.367
37199,0.305
38001,9.002
38003,3.543
38005,5.298
38007,7.077
38009,10.977
38011,9.441
38013,9.780
38015,5.307
38017,3.209
38019,3.748
38021,8.513
38023,4.964
38025,6.613
38027,5.790
38029,5.446
38031,6.100
38033,8.196
38035,2.942
38037,6.426
38039,5.415
38041,6.936
38043,5.237
38045,8.083
38047,5.968
38049,11.826
38051,6.345
38053,5.701
38055,6.976
38057,100.000
38059,5.752
38061,7.103
38063,4.135
38065,6.377
38067,2.443
38069,6.802
38071,4.650
38073,3.219
38075,13.809
38077,3.159
38079,7.455
38081,3.750
38083,6.047
38085,6.032
38087,7.764
38089,6.226
38091,3.514
38093,6.355
38095,4.648
38097,2.632
38099,3.308
38101,9.584
38103,6.124
38105,7.415
39001,0.386
39003,0.494
39005,0.401
39007,0.293
39009,0.402
39011,0.465
39013,0.375
39015,0.366
39017,0.409
39019,0.387
39021,0.428
39023,0.421
39025,0.380
39027,0.386
39029,0.386
39031,0.402
39033,0.453
39035,0.313
39037,0.427
39039,0.488
39041,0.446
39043,0.456
39045,0.414
39047,0.406
39049,0.459
39051,0.493
39053,0.447
39055,0.283
39057,0.391
39059,0.389
39061,0.396
39063,0.487
39065,0.463
39067,0.382
39069,0.495
39071,0.380
39073,0.409
39075,0.401
39077,0.443
39079,0.405
39081,0.394
39083,0.403
39085,0.291
39087,0.381
39089,0.374
39091,0.433
39093,0.415
39095,0.495
39097,0.430
39099,0.371
39101,0.451
39103,0.409
39105,0.397
39107,0.466
39109,0.426
39111,0.330
39113,0.422
39115,0.384
39117,0.426
39119,0.382
39121,0.357
39123,0.467
39125,0.487
39127,0.389
39129,0.435
39131,0.423
39133,0.321
39135,0.406
39137,0.493
39139,0.402
39141,0.421
39143,0.462
39145,0.384
39147,0.456
39149,0.433
39151,0.388
39153,0.311
39155,0.340
39157,0.389
39159,0.441
39161,0.484
39163,0.413
39165,0.392
39167,0.364
39169,0.398
39171,0.467
39173,0.471
39175,0.462
40001,0.421
40003,2.533
40005,0.588
40007,100.000
40009,10.614
40011,5.078
40013,0.984
40015,5.380
40017,4.037
40019,1.645
40021,0.567
40023,0.532
40025,100.000
40027,1.812
40029,0.615
40031,1.693
40033,1.788
40035,0.572
40037,1.024
40039,6.551
40041,0.531
40043,19.027
40045,64.617
40047,1.751
40049,1.476
40051,2.413
40053,2.016
40055,6.846
40057,19.093
40059,100.000
40061,0.717
40063,1.911
40065,11.784
40067,1.861
40069,1.028
40071,2.131
40073,2.383
40075,3.494
40077,0.497
40079,0.367
40081,1.182
40083,1.884
40085,2.018
40087,1.951
40089,0.349
40091,2.110
40093,5.391
40095,2.233
40097,0.703
40099,1.510
40101,1.418
40103,1.328
40105,0.632
40107,1.761
40109,2.222
40111,0.952
40113,0.765
40115,0.522
40117,1.365
40119,2.239
40121,1.355
40123,0.943
40125,2.058
40127,0.341
40129,11.971
40131,0.834
40133,2.591
40135,0.403
40137,1.853
40139,100.000
40141,2.990
40143,0.785
40145,0.871
40147,0.645
40149,3.569
40151,7.309
40153,27.260
41001,1.620
41003,0.157
41005,0.121
41007,0.101
41009,0.151
41011,0.130
41013,2.035
41015,0.100
41017,0.608
41019,0.211
41021,1.349
41023,1.073
41025,1.297
41027,0.158
41029,0.355
41031,0.631
41033,0.206
41035,1.205
41037,1.122
41039,0.146
41041,0.100
41043,0.114
41045,5.082
41047,0.126
41049,1.296
41051,0.135
41053,0.136
41055,0.534
41057,0.100
41059,1.082
41061,0.610
41063,0.536
41065,0.356
41067,0.208
41069,1.417
41071,0.139
42001,0.359
42003,0.342
42005,0.268
42007,0.413
42009,0.369
42011,0.278
42013,0.323
42015,0.321
42017,0.270
42019,0.317
42021,0.261
42023,0.267
42025,0.212
42027,0.288
42029,0.299
42031,0.244
42033,0.264
42035,0.278
42037,0.283
42039,0.240
42041,0.287
42043,0.296
42045,0.288
42047,0.248
42049,0.243
42051,0.247
42053,0.239
42055,0.383
42057,0.396
42059,0.309
42061,0.338
42063,0.263
42065,0.257
42067,0.336
42069,0.282
42071,0.347
42073,0.337
42075,0.288
42077,0.222
42079,0.279
42081,0.273
42083,0.245
42085,0.299
42087,0.338
42089,0.229
42091,0.290
42093,0.281
42095,0.237
42097,0.286
42099,0.303
42101,0.303
42103,0.246
42105,0.278
42107,0.276
42109,0.296
42111,0.259
42113,0.269
42115,0.293
42117,0.357
42119,0.271
42121,0.235
42123,0.239
42125,0.348
42127,0.259
42129,0.259
42131,0.312
42133,0.337
44003,0.226
44005,0.232
44007,0.230
44009,0.222
45001,0.435
45003,0.414
45005,0.416
45007,0.370
45009,0.531
45011,0.432
45013,0.452
45015,0.623
45017,0.492
45019,0.589
45021,0.332
45023,0.427
45025,0.463
45027,0.621
45029,0.545
45031,0.471
45033,0.478
45035,0.571
45037,0.591
45039,0.453
45041,0.504
45043,0.511
45045,0.434
45047,0.540
45049,0.473
45051,0.463
45053,0.471
45055,0.484
45057,0.457
45059,0.438
45061,0.602
45063,0.476
45065,0.533
45067,0.460
45069,0.452
45071,0.441
45073,0.248
45075,0.537
45077,0.321
45079,0.422
45081,0.486
45083,0.376
45085,0.592
45087,0.402
45089,0.621
45091,0.400
46003,6.181
46005,8.951
46007,5.963
46009,3.212
46011,3.114
46013,8.339
46015,6.441
46017,100.000
46019,5.773
46021,5.745
46023,100.000
46025,4.481
46027,3.990
46029,3.246
46031,7.153
46033,7.997
46035,6.351
46037,5.452
46039,2.320
46041,5.760
46043,3.843
46045,8.883
46047,15.011
46049,9.050
46051,2.497
46053,5.357
46055,6.657
46057,3.207
46059,8.064
46061,6.434
46063,8.367
46065,100.000
46067,5.778
46069,5.994
46071,7.584
46073,6.003
46075,7.154
46077,4.311
46079,2.420
46081,4.110
46083,2.203
46085,6.313
46087,3.631
46089,7.075
46091,5.502
46093,6.287
46095,6.283
46097,4.683
46099,2.025
46101,1.987
46102,10.369
46103,5.313
46105,8.102
46107,4.610
46109,2.422
46111,7.189
46115,9.344
46117,6.119
46119,4.500
46121,4.633
46123,6.031
46125,3.142
46127,2.151
46129,4.958
46135,4.488
46137,6.618
47001,0.285
47003,0.275
47005,0.322
47007,0.254
47009,0.255
47011,0.249
47013,0.290
47015,0.274
47017,0.304
47019,0.270
47021,0.300
47023,0.293
47025,0.302
47027,0.302
47029,0.267
47031,0.268
47033,0.305
47035,0.248
47037,0.304
47039,0.297
47041,0.278
47043,0.291
47045,0.316
47047,0.304
47049,0.258
47051,0.261
47053,0.302
47055,0.263
47057,0.352
47059,0.304
47061,0.258
47063,0.328
47065,0.284
47067,0.331
47069,0.286
47071,0.301
47073,0.358
47075,0.293
47077,0.301
47079,0.316
47081,0.281
47083,0.302
47085,0.304
47087,0.298
47089,0.296
47091,0.286
47093,0.284
47095,0.338
47097,0.319
47099,0.264
47101,0.270
47103,0.260
47105,0.256
47107,0.239
47109,0.282
47111,0.303
47113,0.301
47115,0.253
47117,0.269
47119,0.280
47121,0.259
47123,0.256
47125,0.287
47127,0.264
47129,0.237
47131,0.309
47133,0.281
47135,0.277
47137,0.266
47139,0.224
47141,0.281
47143,0.269
47145,0.254
47147,0.308
47149,0.278
47151,0.253
47153,0.249
47155,0.263
47157,0.314
47159,0.294
47161,0.296
47163,0.358
47165,0.304
47167,0.307
47169,0.294
47171,0.300
47173,0.321
47175,0.276
47177,0.261
47179,0.298
47181,0.275
47183,0.300
47185,0.277
47187,0.303
47189,0.289
48001,0.839
48003,100.000
48005,0.646
48007,0.976
48009,6.068
48011,32.948
48013,11.030
48015,0.833
48017,100.000
48019,2.241
48021,3.998
48023,7.973
48025,3.097
48027,2.617
48029,3.050
48031,1.604
48033,63.429
48035,3.325
48037,0.781
48039,0.338
48041,1.805
48043,100.000
48045,67.997
48047,5.016
48049,8.587
48051,2.120
48053,2.010
48055,0.982
48057,0.654
48059,6.496
48061,42.805
48063,0.739
48065,100.000
48067,0.536
48069,100.000
48071,0.337
48073,0.690
48075,14.616
48077,4.680
48079,100.000
48081,83.334
48083,11.228
48085,0.892
48087,12.329
48089,1.341
48091,1.143
48093,3.958
48095,33.751
48097,1.339
48099,2.783
48101,12.171
48103,100.000
48105,26.859
48107,100.000
48109,100.000
48111,100.000
48113,1.243
48115,100.000
48117,100.000
48119,0.578
48121,1.249
48123,1.328
48125,25.392
48127,13.928
48129,26.019
48131,7.562
48133,4.031
48135,100.000
48137,5.139
48139,0.924
48141,100.000
48143,2.701
48145,2.952
48147,1.083
48149,2.204
48151,12.758
48153,100.000
48155,6.979
48157,0.545
48159,0.616
48161,0.991
48163,39.189
48165,100.000
48167,0.343
48169,26.613
48171,2.472
48173,100.000
48175,2.276
48177,0.974
48179,100.000
48181,1.506
48183,0.674
48185,1.051
48187,1.097
48189,100.000
48191,36.267
48193,2.499
48195,100.000
48197,7.954
48199,0.406
48201,0.363
48203,0.603
48205,100.000
48207,100.000
48209,1.039
48211,21.333
48213,0.818
48215,100.000
48217,1.584
48219,100.000
48221,7.215
48223,0.594
48225,0.831
48227,100.000
48229,100.000
48231,0.745
48233,100.000
48235,34.939
48237,3.698
48239,0.667
48241,1.020
48243,100.000
48245,0.368
48247,5.466
48249,7.376
48251,1.701
48253,10.884
48255,2.193
48257,0.880
48259,1.391
48261,4.753
48263,20.630
48265,1.602
48267,4.998
48269,9.824
48271,10.188
48273,5.006
48275,17.242
48277,0.872
48279,100.000
48281,2.343
48283,13.673
48285,0.861
48287,1.931
48289,0.961
48291,0.402
48293,1.276
48295,100.000
48297,12.391
48299,28.715
48301,100.000
48303,100.000
48305,100.000
48307,20.458
48309,2.815
48311,10.986
48313,0.929
48315,0.582
48317,100.000
48319,5.899
48321,0.652
48323,20.453
48325,4.107
48327,10.126
48329,100.000
48331,2.271
48333,4.211
48335,100.000
48337,1.673
48339,0.726
48341,100.000
48343,0.668
48345,36.920
48347,0.604
48349,0.934
48351,1.459
48353,31.927
48355,2.875
48357,100.000
48359,100.000
48361,0.492
48363,12.470
48365,0.673
48367,2.997
48369,100.000
48371,100.000
48373,0.797
48375,100.000
48377,100.000
48379,0.800
48381,100.000
48383,100.000
48385,3.127
48387,0.796
48389,100.000
48391,1.449
48393,88.037
48395,2.168
48397,0.882
48399,9.097
48401,0.664
48403,0.601
48405,0.580
48407,0.698
48409,3.357
48411,7.064
48413,12.688
48415,27.782
48417,9.028
48419,0.614
48421,100.000
48423,0.704
48425,5.607
48427,100.000
48429,8.473
48431,100.000
48433,16.702
48435,8.148
48437,100.000
48439,1.912
48441,11.363
48443,41.848
48445,100.000
48447,12.887
48449,0.658
48451,100.000
48453,3.094
48455,0.769
48457,0.501
48459,0.657
48461,100.000
48463,4.525
48465,100.000
48467,0.827
48469,1.099
48471,0.793
48473,0.737
48475,100.000
48477,1.593
48479,10.380
48481,1.050
48483,17.494
48485,6.794
48487,8.077
48489,6.292
48491,1.549
48493,2.110
48495,100.000
48497,2.310
48499,0.713
48501,100.000
48503,8.958
48505,6.350
48507,9.531
49001,2.173
49003,3.240
49005,0.907
49007,3.728
49009,26.688
49011,3.307
49013,2.215
49015,4.754
49017,5.952
49019,2.871
49021,1.489
49023,3.377
49025,5.170
49027,2.910
49029,1.254
49031,8.155
49033,7.040
49035,1.999
49037,4.175
49039,6.771
49041,5.828
49043,1.583
49045,3.720
49047,3.329
49049,2.906
49051,2.432
49053,3.730
49055,6.531
49057,2.061
50001,0.234
50003,0.218
50005,0.244
50007,-1.000
50009,0.226
50011,-1.000
50013,-1.000
50015,-1.000
50017,0.246
50019,0.235
50021,0.225
50023,0.235
50025,0.206
50027,0.224
51001,0.456
51003,0.397
51005,0.381
51007,0.487
51009,0.380
51011,0.438
51015,0.430
51017,0.383
51019,0.453
51021,0.368
51023,0.386
51025,0.497
51027,0.390
51029,0.396
51031,0.466
51033,0.484
51035,0.326
51036,0.417
51037,0.476
51041,0.486
51043,0.462
51045,0.377
51047,0.412
51049,0.453
51051,0.390
51053,0.481
51057,0.424
51059,0.411
51061,0.401
51063,0.330
51065,0.406
51067,0.461
51069,0.437
51071,0.372
51073,0.418
51075,0.441
51077,0.322
51079,0.408
51081,0.491
51083,0.525
51085,0.500
51087,0.423
51089,0.440
51091,0.397
51093,0.425
51095,0.428
51097,0.471
51099,0.431
51101,0.519
51103,0.423
51105,0.298
51107,0.407
51109,0.523
51111,0.493
51113,0.411
51115,0.395
51117,0.534
51119,0.409
51121,0.382
51125,0.379
51127,0.463
51131,-1.000
51133,0.414
51135,0.484
51137,0.456
51139,0.448
51141,0.427
51143,0.487
51145,0.453
51147,0.487
51149,0.427
51153,0.423
51155,0.327
51157,0.411
51159,0.426
51161,0.461
51163,0.390
51165,0.476
51167,0.342
51169,0.342
51171,0.532
51173,0.337
51175,0.476
51177,0.487
51179,0.435
51181,0.422
51183,0.478
51185,0.353
51187,0.462
51191,0.343
51193,0.433
51195,0.332
51197,0.318
51199,0.464
51510,0.417
51550,0.476
51590,0.506
51620,0.435
51650,0.449
51660,0.461
51680,0.383
51700,0.433
51740,0.473
51760,0.493
51770,0.477
51800,0.468
51810,0.483
53001,5.684
53003,0.915
53005,0.962
53007,0.226
53009,0.100
53011,0.100
53013,1.027
53015,0.114
53017,0.300
53019,0.295
53021,8.141
53023,1.010
53025,2.942
53027,0.100
53029,0.384
53031,0.100
53033,0.100
53035,0.189
53037,0.360
53039,0.339
53041,0.117
53043,1.345
53045,0.100
53047,0.548
53049,0.100
53051,0.372
53053,0.146
53057,0.100
53059,0.100
53061,0.100
53063,0.878
53065,0.510
53067,0.169
53069,0.121
53071,1.133
53073,0.100
53075,1.346
53077,0.514
54001,0.230
54003,0.419
54005,0.336
54007,0.271
54009,0.381
54011,0.357
54013,0.310
54015,0.235
54017,0.321
54019,0.277
54021,0.310
54023,0.378
54025,0.267
54027,0.462
54029,0.398
54031,0.471
54033,0.290
54035,0.383
54037,0.448
54039,0.289
54041,0.295
54043,0.336
54045,0.335
54047,0.386
54049,0.273
54051,0.385
54053,0.369
54055,0.372
54057,0.306
54059,0.373
54061,0.268
54063,0.354
54065,0.436
54067,0.208
54069,0.375
54071,0.460
54073,0.346
54075,0.281
54077,0.199
54079,0.338
54081,0.330
54083,0.206
54085,0.310
54087,0.294
54089,0.340
54091,0.238
54093,0.185
54095,0.323
54097,0.237
54099,0.356
54101,0.226
54103,0.336
54105,0.311
54107,0.348
54109,0.333
55001,0.585
55003,0.469
55005,0.561
55007,0.465
55009,0.725
55011,0.680
55013,0.581
55015,0.678
55017,0.558
55019,0.526
55021,0.559
55023,0.590
55025,0.575
55027,0.571
55029,0.729
55031,0.499
55033,0.563
55035,0.540
55037,0.586
55039,0.592
55041,0.600
55043,0.610
55045,0.551
55047,0.510
55049,0.559
55051,0.482
55053,0.540
55055,0.577
55057,0.567
55059,0.470
55061,0.727
55063,0.568
55065,0.564
55067,0.565
55069,0.548
55071,0.728
55073,0.558
55075,0.594
55077,0.509
55078,0.569
55079,0.567
55081,0.562
55083,0.638
55085,0.512
55087,0.608
55089,0.623
55091,0.617
55093,0.715
55095,0.660
55097,0.576
55099,0.509
55101,0.533
55103,0.566
55105,0.564
55107,0.515
55109,0.652
55111,0.589
55113,0.500
55115,0.587
55117,0.683
55119,0.533
55121,0.567
55123,0.613
55125,0.510
55127,0.540
55129,0.515
55131,0.586
55133,0.551
55135,0.566
55137,0.566
55139,0.554
55141,0.570
56001,7.856
56003,1.862
56005,19.387
56007,2.351
56009,9.158
56011,7.436
56013,1.726
56015,100.000
56017,3.705
56019,4.153
56021,100.000
56023,0.954
56025,4.230
56027,29.190
56029,0.690
56031,100.000
56033,2.962
56035,1.082
56037,3.677
56039,0.360
56041,4.343
56043,4.532
56045,22.661
